{
    "rmse": 0.677996222385743,
    "mae": 0.537066257608467,
    "r2": 0.22330016066430936
}