{
    "rmse": 0.7020243552707567,
    "mae": 0.5495902340952084,
    "r2": 0.17424845853334447
}